id,email,fullName,password,gender,age,country,description
1,AddieMoore@yahoo.com,Addie Moore,Z{C;_#`,Female,57,Singapore,I am a Python generated account.
2,DouglasDixon@yahoo.com,Douglas Dixon,"&O*G""[hoW",Female,57,Malaysia,I am a Python generated account.
3,PatriciaCoyne@outlook.com,Patricia Coyne,c}t:t15Dt?}1,Male,18,Malaysia,I am a Python generated account.
4,ChristeneBoucher@outlook.com,Christene Boucher,Urp=exe,Female,32,Philipines,I am a Python generated account.
5,NancyHarris@hotmail.com,Nancy Harris,wae!cQ&\HU1f,Female,62,Malaysia,I am a Python generated account.
6,ArthurYork@gmail.com,Arthur York,i1bt6Z.5,Female,21,Singapore,I am a Python generated account.
7,LawrenceRemis@yahoo.com,Lawrence Remis,ctNNsoc,Female,20,Thailand,I am a Python generated account.
8,AnnaBrower@outlook.com,Anna Brower,LH!Fw)V,Male,45,Malaysia,I am a Python generated account.
9,CeciliaWilliams@hotmail.com,Cecilia Williams,VzVQhur#,Female,27,Malaysia,I am a Python generated account.
10,KathleenKimbrell@gmail.com,Kathleen Kimbrell,"rk8P{V""y",Female,50,Philipines,I am a Python generated account.
11,AmyYates@gmail.com,Amy Yates,~=m<]b^{,Male,57,Singapore,I am a Python generated account.
12,CarmenHunter@gmail.com,Carmen Hunter,Yoq}exr:Jte8,Female,60,Thailand,I am a Python generated account.
13,LaceyYee@gmail.com,Lacey Yee,[He>`w5)=,Female,24,Philipines,I am a Python generated account.
14,DaleHernandez@gmail.com,Dale Hernandez,TR)dlZjt25,Male,58,Singapore,I am a Python generated account.
15,JamesFredrickson@hotmail.com,James Fredrickson,Nxg?i+5B,Male,23,Thailand,I am a Python generated account.
16,BarbaraSnider@hotmail.com,Barbara Snider,)8`Hk+<r,Female,37,Thailand,I am a Python generated account.
17,ThomasJoubert@yahoo.com,Thomas Joubert,Oi;a0zuutz,Male,45,Thailand,I am a Python generated account.
18,ChristopherMoore@gmail.com,Christopher Moore,DB_2UaRT=,Male,53,Singapore,I am a Python generated account.
19,MauriceKirsch@yahoo.com,Maurice Kirsch,")?N""@}:osB",Female,53,Singapore,I am a Python generated account.
20,ChristinaMccoy@yahoo.com,Christina Mccoy,r]3X~SYU2:/,Female,26,Singapore,I am a Python generated account.
21,DwaynePotter@outlook.com,Dwayne Potter,h=X1/FX,Male,25,Singapore,I am a Python generated account.
22,JonathanEdwards@yahoo.com,Jonathan Edwards,w`rorN+2,Male,29,Thailand,I am a Python generated account.
23,KristinaHix@yahoo.com,Kristina Hix,jE\G*pg&,Male,59,Philipines,I am a Python generated account.
24,PriscillaMccrossen@gmail.com,Priscilla Mccrossen,2<jiL;p`^,Female,22,Philipines,I am a Python generated account.
25,CaseyRichardt@yahoo.com,Casey Richardt,Wbu6x5^GngqU,Female,40,Thailand,I am a Python generated account.
26,JenniferCash@hotmail.com,Jennifer Cash,"F8opCP""=4G/c",Male,41,Malaysia,I am a Python generated account.
27,IolaKennedy@yahoo.com,Iola Kennedy,&$)!J);u!zB,Female,50,Singapore,I am a Python generated account.
28,RobertFatica@outlook.com,Robert Fatica,XfIRu<{[e-SP,Male,38,Singapore,I am a Python generated account.
29,AngelaJohnson@yahoo.com,Angela Johnson,5Lk='qV26,Male,48,Philipines,I am a Python generated account.
30,LoriSanders@outlook.com,Lori Sanders,La=N$m^,Male,64,Thailand,I am a Python generated account.
31,JaniceJones@gmail.com,Janice Jones,M{duZa9,Female,24,Thailand,I am a Python generated account.
32,TeresaGabriel@outlook.com,Teresa Gabriel,%Mx&Xl#`,Female,29,Thailand,I am a Python generated account.
33,VickyHicks@outlook.com,Vicky Hicks,KIZ_U3@UF,Female,28,Singapore,I am a Python generated account.
34,HarryEasterly@outlook.com,Harry Easterly,SKOl?cNJY#R,Female,40,Malaysia,I am a Python generated account.
35,TracyJones@hotmail.com,Tracy Jones,:eGeAik,Male,23,Philipines,I am a Python generated account.
36,BillieCarey@outlook.com,Billie Carey,S]B?1qO+h,Female,43,Thailand,I am a Python generated account.
37,AliceHonda@outlook.com,Alice Honda,OH?@=br`BIl8,Female,52,Philipines,I am a Python generated account.
38,FrancisSmith@hotmail.com,Francis Smith,$?!i^5O8OjK,Male,51,Philipines,I am a Python generated account.
39,DennisRuby@yahoo.com,Dennis Ruby,Vl2{g$}nYb3-,Female,55,Malaysia,I am a Python generated account.
40,LawrenceFrost@outlook.com,Lawrence Frost,7Gb+<R13N`D,Male,45,Malaysia,I am a Python generated account.
41,TerrenceBaker@outlook.com,Terrence Baker,nc)btqp,Female,25,Philipines,I am a Python generated account.
42,DoloresRoybal@yahoo.com,Dolores Roybal,^ui'9<>#:,Male,28,Philipines,I am a Python generated account.
43,WilliamWhittle@outlook.com,William Whittle,m\MCo?r,Female,33,Malaysia,I am a Python generated account.
44,JudyMorales@yahoo.com,Judy Morales,"Yif""=W{`Ubf*",Male,49,Philipines,I am a Python generated account.
45,SondraCloer@hotmail.com,Sondra Cloer,"k[=L0,xr]>9O",Male,30,Malaysia,I am a Python generated account.
46,JoelKuss@yahoo.com,Joel Kuss,@d)+5G.P0`N,Male,32,Singapore,I am a Python generated account.
47,AprilTaylor@hotmail.com,April Taylor,wq*GA1<,Male,25,Singapore,I am a Python generated account.
48,RogerGreen@outlook.com,Roger Green,rE;h09%#,Male,60,Singapore,I am a Python generated account.
49,BeverlyPerry@gmail.com,Beverly Perry,9D)uz'NF=,Female,49,Malaysia,I am a Python generated account.
50,EthelWashington@outlook.com,Ethel Washington,7(+BMo3JK,Male,60,Malaysia,I am a Python generated account.
51,BarbaraHead@hotmail.com,Barbara Head,\{~Y'ZY^nw<_,Male,27,Philipines,I am a Python generated account.
52,GeraldCuthbert@yahoo.com,Gerald Cuthbert,'c$AL#AK_/,Female,23,Malaysia,I am a Python generated account.
53,HirokoPickens@yahoo.com,Hiroko Pickens,!Mwku%o]k),Male,55,Philipines,I am a Python generated account.
54,BarryMedrano@yahoo.com,Barry Medrano,qeo{9t)dkh|,Female,43,Thailand,I am a Python generated account.
55,ChristopherMusty@yahoo.com,Christopher Musty,P*;LnX9zmgC,Female,61,Malaysia,I am a Python generated account.
56,DanielChaves@outlook.com,Daniel Chaves,"`=q^,yKV9",Female,57,Singapore,I am a Python generated account.
57,LindseyWeekly@yahoo.com,Lindsey Weekly,Rbsec$F0\r,Female,60,Malaysia,I am a Python generated account.
58,ValerieGabel@gmail.com,Valerie Gabel,dsb/U>$;jv),Female,30,Singapore,I am a Python generated account.
59,CarlHollowell@hotmail.com,Carl Hollowell,OS-8gqt$,Male,29,Singapore,I am a Python generated account.
60,MichaelAcevedo@yahoo.com,Michael Acevedo,7myXv0|)]j1b,Female,36,Philipines,I am a Python generated account.
61,JosephOlsson@gmail.com,Joseph Olsson,&WS+o8+Kxg,Male,23,Malaysia,I am a Python generated account.
62,TimSchnakenberg@outlook.com,Tim Schnakenberg,mJuh8@Rw],Male,64,Malaysia,I am a Python generated account.
63,CalvinBurrell@gmail.com,Calvin Burrell,"4<{*<9^4E,",Female,20,Thailand,I am a Python generated account.
64,DouglasSand@hotmail.com,Douglas Sand,osfEQjS{.,Female,25,Thailand,I am a Python generated account.
65,ChristinaThomas@outlook.com,Christina Thomas,QzaT_QyW,Female,45,Philipines,I am a Python generated account.
66,DawnMiller@gmail.com,Dawn Miller,"t,I&t&9",Male,37,Singapore,I am a Python generated account.
67,JodiZieba@yahoo.com,Jodi Zieba,r7<}AgNEAm,Male,61,Malaysia,I am a Python generated account.
68,RyanSaran@outlook.com,Ryan Saran,"#AQUFG}I""",Male,22,Philipines,I am a Python generated account.
69,JeffreyRedenbaugh@yahoo.com,Jeffrey Redenbaugh,QuaW5iY&gi,Female,43,Singapore,I am a Python generated account.
70,AdamTew@gmail.com,Adam Tew,/4_-MVv,Female,32,Malaysia,I am a Python generated account.
71,LewisKornreich@outlook.com,Lewis Kornreich,\7;tLfbrF\,Female,57,Philipines,I am a Python generated account.
72,FernandoSnellgrove@hotmail.com,Fernando Snellgrove,0@$y.XG_(,Male,53,Singapore,I am a Python generated account.
73,MauricioFrith@gmail.com,Mauricio Frith,3MBU(1#*U$5,Male,61,Thailand,I am a Python generated account.
74,JohnnyRoach@yahoo.com,Johnny Roach,4$ZeGh-ec,Female,27,Thailand,I am a Python generated account.
75,SarahBurnett@hotmail.com,Sarah Burnett,"iR^E)""5Yl'W",Male,55,Singapore,I am a Python generated account.
76,JeffreyMayo@yahoo.com,Jeffrey Mayo,RDpHX{tMo,Female,18,Singapore,I am a Python generated account.
77,AlanPhillips@yahoo.com,Alan Phillips,]HjFm%r!%,Male,39,Thailand,I am a Python generated account.
78,GaryMitchell@outlook.com,Gary Mitchell,j?6p:3WR^mX=,Male,56,Malaysia,I am a Python generated account.
79,JustinOu@hotmail.com,Justin Ou,JvjguOc,Female,62,Singapore,I am a Python generated account.
80,RobinGearing@hotmail.com,Robin Gearing,?OC&zHbP,Female,23,Malaysia,I am a Python generated account.
81,JeanneSteuer@yahoo.com,Jeanne Steuer,dHn&{{cqt~t~,Female,63,Malaysia,I am a Python generated account.
82,JamesSorg@yahoo.com,James Sorg,pEx_`Ew8C,Male,29,Thailand,I am a Python generated account.
83,HeatherTorain@yahoo.com,Heather Torain,@j%`A!PQ@pa,Female,57,Malaysia,I am a Python generated account.
84,MiltonAllen@yahoo.com,Milton Allen,$8oLZ_=}J},Female,43,Thailand,I am a Python generated account.
85,CaraDeleon@hotmail.com,Cara Deleon,qo?jXCS.\,Female,36,Philipines,I am a Python generated account.
86,DebraBennett@hotmail.com,Debra Bennett,U\G!AsO%8Ku,Female,63,Singapore,I am a Python generated account.
87,DavidRaab@outlook.com,David Raab,~MZ5^Ls];_4C,Male,50,Malaysia,I am a Python generated account.
88,RubyGischer@yahoo.com,Ruby Gischer,oOzh!M(,Male,62,Philipines,I am a Python generated account.
89,JeanTravis@gmail.com,Jean Travis,"*VKmyh|NR""",Male,45,Malaysia,I am a Python generated account.
90,EmersonMata@hotmail.com,Emerson Mata,o.OH`|W~*mi0,Male,42,Malaysia,I am a Python generated account.
91,ChelseaDale@outlook.com,Chelsea Dale,qtEP]U$,Female,58,Philipines,I am a Python generated account.
92,ClaudeWhite@hotmail.com,Claude White,NW=aAxuB,Male,52,Thailand,I am a Python generated account.
93,PaulWood@gmail.com,Paul Wood,vv%|U6=<q[S,Male,61,Thailand,I am a Python generated account.
94,JohnWaters@gmail.com,John Waters,rN=iQw<,Male,62,Philipines,I am a Python generated account.
95,CurtisRoswell@yahoo.com,Curtis Roswell,;QMn>|c,Male,30,Philipines,I am a Python generated account.
96,LaceyHardin@gmail.com,Lacey Hardin,lYM:Syp1W}w+,Female,56,Philipines,I am a Python generated account.
97,BeatriceOlsson@gmail.com,Beatrice Olsson,r2;RuPf,Female,62,Thailand,I am a Python generated account.
98,CynthiaWarren@gmail.com,Cynthia Warren,LiC(=a0(,Male,22,Singapore,I am a Python generated account.
99,GwendolynMontes@yahoo.com,Gwendolyn Montes,[t8x>CjKdfsT,Male,59,Singapore,I am a Python generated account.
100,HenryMcloughlin@gmail.com,Henry Mcloughlin,sh|CSq!,Male,59,Singapore,I am a Python generated account.
101,BrittanySmiler@yahoo.com,Brittany Smiler,:>rNP{>f,Female,33,Philipines,I am a Python generated account.
102,MarcelleRobinson@outlook.com,Marcelle Robinson,a?=D^$M}q^`,Female,45,Thailand,I am a Python generated account.
103,DaynaNguyen@yahoo.com,Dayna Nguyen,"li#,:#a1R",Female,47,Malaysia,I am a Python generated account.
104,JamelFox@gmail.com,Jamel Fox,.5!KI<%p>U,Male,63,Philipines,I am a Python generated account.
105,SandraMacias@outlook.com,Sandra Macias,kBe3#g7e,Female,44,Malaysia,I am a Python generated account.
106,SandraSams@gmail.com,Sandra Sams,}NM8dukXvf,Female,51,Singapore,I am a Python generated account.
107,CherylRisley@yahoo.com,Cheryl Risley,;lzvA-=w^+,Male,53,Philipines,I am a Python generated account.
108,JamesGallagher@yahoo.com,James Gallagher,"d""""zSIs&F",Female,55,Singapore,I am a Python generated account.
109,DominicFreeze@gmail.com,Dominic Freeze,"VO+a"".kN",Female,30,Malaysia,I am a Python generated account.
110,PatriciaWilliams@gmail.com,Patricia Williams,Bg<:\W*x1,Female,38,Philipines,I am a Python generated account.
111,JorgeRamirez@hotmail.com,Jorge Ramirez,$<DNf#50P{C@,Male,25,Malaysia,I am a Python generated account.
112,CarolineSaborido@hotmail.com,Caroline Saborido,#X)Z(U#tU{mm,Male,42,Malaysia,I am a Python generated account.
113,EduardoBrown@outlook.com,Eduardo Brown,",0Sx\?{]-T",Female,60,Malaysia,I am a Python generated account.
114,PatriciaBarrette@yahoo.com,Patricia Barrette,m1A#FDQ>6,Female,37,Singapore,I am a Python generated account.
115,JuanitaSteiner@outlook.com,Juanita Steiner,"BCFHw9""v\R'",Male,58,Philipines,I am a Python generated account.
116,JeanForcier@outlook.com,Jean Forcier,-lPr6@\=Tl,Female,38,Philipines,I am a Python generated account.
117,DavidLogan@gmail.com,David Logan,6Vi3kN<c,Male,18,Philipines,I am a Python generated account.
118,JohnMiller@yahoo.com,John Miller,"32KRn,L0KKI",Male,26,Thailand,I am a Python generated account.
119,LillieAcosta@outlook.com,Lillie Acosta,5`?zXVuOSz7Y,Female,58,Malaysia,I am a Python generated account.
120,JeanGreen@outlook.com,Jean Green,iMi2ejv?>,Male,26,Malaysia,I am a Python generated account.
121,EdithRiggs@hotmail.com,Edith Riggs,D$1]sO#.g,Male,36,Thailand,I am a Python generated account.
122,EllenCross@hotmail.com,Ellen Cross,E&#|.rhZ,Female,24,Singapore,I am a Python generated account.
123,HenrySmith@outlook.com,Henry Smith,"VeMx[.?""%H~7",Female,42,Philipines,I am a Python generated account.
124,RichardChurch@gmail.com,Richard Church,u#Ff8c|,Male,40,Malaysia,I am a Python generated account.
125,GregoryHoward@yahoo.com,Gregory Howard,P|f%0ug_Q+!h,Male,57,Singapore,I am a Python generated account.
126,JudithHarrell@hotmail.com,Judith Harrell,miurWRVaR0v(,Female,36,Thailand,I am a Python generated account.
127,KeithBullard@outlook.com,Keith Bullard,p!|'GRF,Male,56,Philipines,I am a Python generated account.
128,VinceLam@outlook.com,Vince Lam,"28F{,G&Q",Male,39,Singapore,I am a Python generated account.
129,MichaelShanklin@hotmail.com,Michael Shanklin,"[""'K`;`",Female,49,Malaysia,I am a Python generated account.
130,KennaBradshaw@gmail.com,Kenna Bradshaw,82l=PeN~Qsg,Male,45,Thailand,I am a Python generated account.
131,AnnDover@hotmail.com,Ann Dover,=WQ@}kI2d{j+,Female,61,Malaysia,I am a Python generated account.
132,DeniseHall@yahoo.com,Denise Hall,o.$Y}&:Z,Male,41,Malaysia,I am a Python generated account.
133,CristenGreen@outlook.com,Cristen Green,"W:,p4/,@/|v]",Male,65,Philipines,I am a Python generated account.
134,TammySoloveichik@yahoo.com,Tammy Soloveichik,=$%7l#R*,Male,32,Singapore,I am a Python generated account.
135,ShawnJohnson@hotmail.com,Shawn Johnson,&go}[=!}c!av,Male,57,Malaysia,I am a Python generated account.
136,CrystalHughes@hotmail.com,Crystal Hughes,H(ZC?%f'1z+,Female,40,Thailand,I am a Python generated account.
137,LydiaHuber@outlook.com,Lydia Huber,:2PkJAHlE&,Male,60,Philipines,I am a Python generated account.
138,JosphineSutton@hotmail.com,Josphine Sutton,"Y1,}=I|\I",Female,32,Thailand,I am a Python generated account.
139,TerrieRogers@outlook.com,Terrie Rogers,"|K,mRrK:p",Male,47,Malaysia,I am a Python generated account.
140,CarlMarsh@outlook.com,Carl Marsh,JK]Jv.I,Male,51,Singapore,I am a Python generated account.
141,MarionPayne@yahoo.com,Marion Payne,!X&LdK?5Z!R,Male,56,Singapore,I am a Python generated account.
142,MarilynKenney@gmail.com,Marilyn Kenney,c!CCHWH,Male,44,Malaysia,I am a Python generated account.
143,ThaliaBublitz@hotmail.com,Thalia Bublitz,GC#-<C2`z>,Male,60,Singapore,I am a Python generated account.
144,PeggyAdamo@hotmail.com,Peggy Adamo,?{DERj\7]x,Male,50,Philipines,I am a Python generated account.
145,JesseGist@gmail.com,Jesse Gist,e'/=lA;,Female,18,Philipines,I am a Python generated account.
146,BerniceRowe@gmail.com,Bernice Rowe,"ImN3ld""`v",Male,29,Singapore,I am a Python generated account.
147,JenniferSalazar@hotmail.com,Jennifer Salazar,bY%@59T,Male,55,Singapore,I am a Python generated account.
148,PamelaBennett@yahoo.com,Pamela Bennett,gI@v}:g(;,Female,64,Malaysia,I am a Python generated account.
149,JasonSmith@hotmail.com,Jason Smith,Zb{:1/:i,Female,47,Singapore,I am a Python generated account.
150,CarrollLaflam@hotmail.com,Carroll Laflam,6(/k%K)Q,Male,41,Philipines,I am a Python generated account.
151,DaleCaudill@hotmail.com,Dale Caudill,r4eP0I^,Male,27,Singapore,I am a Python generated account.
152,ChristopherPowless@yahoo.com,Christopher Powless,qoL{b$)R>h,Male,33,Philipines,I am a Python generated account.
153,StellaNeill@gmail.com,Stella Neill,ONE4d-]3t\Q,Male,31,Thailand,I am a Python generated account.
154,OlgaBunton@hotmail.com,Olga Bunton,wE37nkCMAn,Male,55,Philipines,I am a Python generated account.
155,PaulMunnerlyn@hotmail.com,Paul Munnerlyn,x.#?Hs5,Male,56,Thailand,I am a Python generated account.
156,AuroraYoung@yahoo.com,Aurora Young,f|9e8QJ6c0,Male,43,Thailand,I am a Python generated account.
157,DonnaMello@gmail.com,Donna Mello,<eY-6Q?h%,Male,55,Singapore,I am a Python generated account.
158,MichaelBullock@gmail.com,Michael Bullock,D62wjuc#1K<,Male,56,Philipines,I am a Python generated account.
159,KellyHart@outlook.com,Kelly Hart,G)+SWPj,Female,23,Philipines,I am a Python generated account.
160,RichardCortez@yahoo.com,Richard Cortez,UlbfVK:,Female,52,Singapore,I am a Python generated account.
161,EricCrow@outlook.com,Eric Crow,f//f?0S,Male,63,Philipines,I am a Python generated account.
162,EdnaSantiago@yahoo.com,Edna Santiago,DyPB~e_q,Female,42,Philipines,I am a Python generated account.
163,AnnJohnson@outlook.com,Ann Johnson,ok776(+(A,Female,22,Malaysia,I am a Python generated account.
164,TylerHarrigan@yahoo.com,Tyler Harrigan,-EZu4bS,Male,48,Thailand,I am a Python generated account.
165,EvaElliott@gmail.com,Eva Elliott,r(`|aHE<,Male,46,Singapore,I am a Python generated account.
166,AdamHartley@outlook.com,Adam Hartley,`4Ol|PL,Male,56,Thailand,I am a Python generated account.
167,CarolOvalle@yahoo.com,Carol Ovalle,Bb<QheZg+,Male,29,Philipines,I am a Python generated account.
168,JamesClark@hotmail.com,James Clark,"-pz""@Y0K}rvW",Female,32,Malaysia,I am a Python generated account.
169,EstherJenkins@outlook.com,Esther Jenkins,7S~_<;5uDfhO,Female,46,Singapore,I am a Python generated account.
170,JoniDiaz@outlook.com,Joni Diaz,4KSBa\8%JjWv,Female,55,Philipines,I am a Python generated account.
171,JoseFoxman@gmail.com,Jose Foxman,%#GaX*3jp,Male,38,Thailand,I am a Python generated account.
172,TimothyManes@outlook.com,Timothy Manes,Y5Brs_u,Female,45,Malaysia,I am a Python generated account.
173,KristinBundy@gmail.com,Kristin Bundy,<K1vbe.V,Male,34,Singapore,I am a Python generated account.
174,PatriciaThielen@hotmail.com,Patricia Thielen,j5eU5j/S7~j,Female,45,Malaysia,I am a Python generated account.
175,EstherFinley@hotmail.com,Esther Finley,)0`Pb5\9X,Male,43,Malaysia,I am a Python generated account.
176,KarenWalker@hotmail.com,Karen Walker,"{XTEXlJ,e^.6",Male,23,Philipines,I am a Python generated account.
177,JamesRutherford@hotmail.com,James Rutherford,elh[ANObhW,Male,39,Thailand,I am a Python generated account.
178,CoryLoffler@outlook.com,Cory Loffler,=\/92bW{15T,Male,29,Singapore,I am a Python generated account.
179,ShirleySybert@yahoo.com,Shirley Sybert,"I#1fH^@%""S*g",Male,44,Thailand,I am a Python generated account.
180,SandraFreeman@outlook.com,Sandra Freeman,"SBU,WgO#fs",Female,46,Malaysia,I am a Python generated account.
181,JohnHill@hotmail.com,John Hill,M|Q:Oz8mL,Female,38,Malaysia,I am a Python generated account.
182,AnitaWitte@gmail.com,Anita Witte,OwE3%O`w:;s,Male,52,Philipines,I am a Python generated account.
183,BillyMaher@yahoo.com,Billy Maher,nO!#M#]*&,Female,39,Malaysia,I am a Python generated account.
184,ScottiePolak@hotmail.com,Scottie Polak,<1'}Rr/@SXA^,Female,35,Singapore,I am a Python generated account.
185,IreneStover@hotmail.com,Irene Stover,c++#p(rNr$Y,Male,51,Thailand,I am a Python generated account.
186,ConnieHines@outlook.com,Connie Hines,@nl[Hhq41,Male,63,Philipines,I am a Python generated account.
187,DianeHargis@outlook.com,Diane Hargis,PPiY14XL,Female,31,Philipines,I am a Python generated account.
188,RebeccaClark@gmail.com,Rebecca Clark,"a""qlL@>",Male,26,Singapore,I am a Python generated account.
189,WillieFolta@yahoo.com,Willie Folta,)[_T&dPPH,Female,20,Thailand,I am a Python generated account.
190,JohnBook@gmail.com,John Book,ZqY4B9fs,Female,25,Malaysia,I am a Python generated account.
191,LouiseSaccucci@hotmail.com,Louise Saccucci,"v2^UwT0I"":yk",Male,40,Singapore,I am a Python generated account.
192,ArthurHahn@yahoo.com,Arthur Hahn,b^9iu5i,Female,24,Thailand,I am a Python generated account.
193,JoanSteele@yahoo.com,Joan Steele,<;{[?|b35r0X,Male,45,Malaysia,I am a Python generated account.
194,WilmaRodriquez@yahoo.com,Wilma Rodriquez,4d#JV9Ds&?j,Female,35,Singapore,I am a Python generated account.
195,LouisCamarena@outlook.com,Louis Camarena,X-n6sRm~_^C,Female,28,Thailand,I am a Python generated account.
196,AlbinaWhitney@gmail.com,Albina Whitney,a@'E2}8{),Male,39,Thailand,I am a Python generated account.
197,RobertKaplan@outlook.com,Robert Kaplan,"eok%A1:,7",Female,36,Malaysia,I am a Python generated account.
198,KimVanhuss@yahoo.com,Kim Vanhuss,"""T^Lv\0dt+",Male,39,Thailand,I am a Python generated account.
199,JudithRadtke@yahoo.com,Judith Radtke,!3Ol-1436N\,Female,28,Philipines,I am a Python generated account.
200,ChangSharrer@hotmail.com,Chang Sharrer,3AY@-kRGk,Female,57,Malaysia,I am a Python generated account.
